,path,classes,species
0,E:\DataSet\慧科\动物多分类\train\rabbits\rabbits000.jpg,0,0
1,E:\DataSet\慧科\动物多分类\train\rabbits\rabbits001.jpg,0,0
2,E:\DataSet\慧科\动物多分类\train\rabbits\rabbits002.jpg,0,0
3,E:\DataSet\慧科\动物多分类\train\rabbits\rabbits003.jpg,0,0
4,E:\DataSet\慧科\动物多分类\train\rabbits\rabbits004.jpg,0,0
5,E:\DataSet\慧科\动物多分类\train\rabbits\rabbits005.jpg,0,0
6,E:\DataSet\慧科\动物多分类\train\rabbits\rabbits006.jpg,0,0
7,E:\DataSet\慧科\动物多分类\train\rabbits\rabbits007.jpg,0,0
8,E:\DataSet\慧科\动物多分类\train\rabbits\rabbits008.jpg,0,0
9,E:\DataSet\慧科\动物多分类\train\rabbits\rabbits009.jpg,0,0
10,E:\DataSet\慧科\动物多分类\train\rabbits\rabbits010.jpg,0,0
11,E:\DataSet\慧科\动物多分类\train\rabbits\rabbits011.jpg,0,0
12,E:\DataSet\慧科\动物多分类\train\rabbits\rabbits012.jpg,0,0
13,E:\DataSet\慧科\动物多分类\train\rabbits\rabbits013.jpg,0,0
14,E:\DataSet\慧科\动物多分类\train\rabbits\rabbits014.jpg,0,0
15,E:\DataSet\慧科\动物多分类\train\rabbits\rabbits015.jpg,0,0
16,E:\DataSet\慧科\动物多分类\train\rabbits\rabbits016.jpg,0,0
17,E:\DataSet\慧科\动物多分类\train\rabbits\rabbits017.jpg,0,0
18,E:\DataSet\慧科\动物多分类\train\rabbits\rabbits018.jpg,0,0
19,E:\DataSet\慧科\动物多分类\train\rabbits\rabbits019.jpg,0,0
20,E:\DataSet\慧科\动物多分类\train\rabbits\rabbits020.jpg,0,0
21,E:\DataSet\慧科\动物多分类\train\rabbits\rabbits021.jpg,0,0
22,E:\DataSet\慧科\动物多分类\train\rabbits\rabbits022.jpg,0,0
23,E:\DataSet\慧科\动物多分类\train\rabbits\rabbits023.jpg,0,0
24,E:\DataSet\慧科\动物多分类\train\rabbits\rabbits024.jpg,0,0
25,E:\DataSet\慧科\动物多分类\train\rabbits\rabbits025.jpg,0,0
26,E:\DataSet\慧科\动物多分类\train\rabbits\rabbits026.jpg,0,0
27,E:\DataSet\慧科\动物多分类\train\rabbits\rabbits027.jpg,0,0
28,E:\DataSet\慧科\动物多分类\train\rabbits\rabbits028.jpg,0,0
29,E:\DataSet\慧科\动物多分类\train\rabbits\rabbits029.jpg,0,0
30,E:\DataSet\慧科\动物多分类\train\rabbits\rabbits030.jpg,0,0
31,E:\DataSet\慧科\动物多分类\train\rabbits\rabbits031.jpg,0,0
32,E:\DataSet\慧科\动物多分类\train\rabbits\rabbits032.jpg,0,0
33,E:\DataSet\慧科\动物多分类\train\rabbits\rabbits033.jpg,0,0
34,E:\DataSet\慧科\动物多分类\train\rabbits\rabbits034.jpg,0,0
35,E:\DataSet\慧科\动物多分类\train\rabbits\rabbits035.jpg,0,0
36,E:\DataSet\慧科\动物多分类\train\rabbits\rabbits036.jpg,0,0
37,E:\DataSet\慧科\动物多分类\train\rabbits\rabbits037.jpg,0,0
38,E:\DataSet\慧科\动物多分类\train\rabbits\rabbits038.jpg,0,0
39,E:\DataSet\慧科\动物多分类\train\rabbits\rabbits039.jpg,0,0
40,E:\DataSet\慧科\动物多分类\train\rabbits\rabbits040.jpg,0,0
41,E:\DataSet\慧科\动物多分类\train\rabbits\rabbits041.jpg,0,0
42,E:\DataSet\慧科\动物多分类\train\rabbits\rabbits042.jpg,0,0
43,E:\DataSet\慧科\动物多分类\train\rabbits\rabbits043.jpg,0,0
44,E:\DataSet\慧科\动物多分类\train\rabbits\rabbits044.jpg,0,0
45,E:\DataSet\慧科\动物多分类\train\rabbits\rabbits045.jpg,0,0
46,E:\DataSet\慧科\动物多分类\train\rabbits\rabbits046.jpg,0,0
47,E:\DataSet\慧科\动物多分类\train\rabbits\rabbits047.jpg,0,0
48,E:\DataSet\慧科\动物多分类\train\rabbits\rabbits048.jpg,0,0
49,E:\DataSet\慧科\动物多分类\train\rabbits\rabbits049.jpg,0,0
50,E:\DataSet\慧科\动物多分类\train\rabbits\rabbits050.jpg,0,0
51,E:\DataSet\慧科\动物多分类\train\rabbits\rabbits051.jpg,0,0
52,E:\DataSet\慧科\动物多分类\train\rabbits\rabbits052.jpg,0,0
53,E:\DataSet\慧科\动物多分类\train\rabbits\rabbits053.jpg,0,0
54,E:\DataSet\慧科\动物多分类\train\rabbits\rabbits054.jpg,0,0
55,E:\DataSet\慧科\动物多分类\train\rabbits\rabbits055.jpg,0,0
56,E:\DataSet\慧科\动物多分类\train\rabbits\rabbits056.jpg,0,0
57,E:\DataSet\慧科\动物多分类\train\rabbits\rabbits057.jpg,0,0
58,E:\DataSet\慧科\动物多分类\train\rabbits\rabbits058.jpg,0,0
59,E:\DataSet\慧科\动物多分类\train\rabbits\rabbits059.jpg,0,0
60,E:\DataSet\慧科\动物多分类\train\rabbits\rabbits060.jpg,0,0
61,E:\DataSet\慧科\动物多分类\train\rabbits\rabbits061.jpg,0,0
62,E:\DataSet\慧科\动物多分类\train\rabbits\rabbits062.jpg,0,0
63,E:\DataSet\慧科\动物多分类\train\rabbits\rabbits063.jpg,0,0
64,E:\DataSet\慧科\动物多分类\train\rabbits\rabbits064.jpg,0,0
65,E:\DataSet\慧科\动物多分类\train\rabbits\rabbits065.jpg,0,0
66,E:\DataSet\慧科\动物多分类\train\rabbits\rabbits066.jpg,0,0
67,E:\DataSet\慧科\动物多分类\train\rabbits\rabbits067.jpg,0,0
68,E:\DataSet\慧科\动物多分类\train\rabbits\rabbits068.jpg,0,0
69,E:\DataSet\慧科\动物多分类\train\rabbits\rabbits069.jpg,0,0
70,E:\DataSet\慧科\动物多分类\train\rabbits\rabbits070.jpg,0,0
71,E:\DataSet\慧科\动物多分类\train\rabbits\rabbits071.jpg,0,0
72,E:\DataSet\慧科\动物多分类\train\rabbits\rabbits072.jpg,0,0
73,E:\DataSet\慧科\动物多分类\train\rabbits\rabbits073.jpg,0,0
74,E:\DataSet\慧科\动物多分类\train\rabbits\rabbits074.jpg,0,0
75,E:\DataSet\慧科\动物多分类\train\rabbits\rabbits075.jpg,0,0
76,E:\DataSet\慧科\动物多分类\train\rabbits\rabbits076.jpg,0,0
77,E:\DataSet\慧科\动物多分类\train\rabbits\rabbits077.jpg,0,0
78,E:\DataSet\慧科\动物多分类\train\rabbits\rabbits078.jpg,0,0
79,E:\DataSet\慧科\动物多分类\train\rabbits\rabbits079.jpg,0,0
80,E:\DataSet\慧科\动物多分类\train\rabbits\rabbits080.jpg,0,0
81,E:\DataSet\慧科\动物多分类\train\rabbits\rabbits081.jpg,0,0
82,E:\DataSet\慧科\动物多分类\train\rabbits\rabbits082.jpg,0,0
83,E:\DataSet\慧科\动物多分类\train\rabbits\rabbits083.jpg,0,0
84,E:\DataSet\慧科\动物多分类\train\rabbits\rabbits084.jpg,0,0
85,E:\DataSet\慧科\动物多分类\train\rabbits\rabbits085.jpg,0,0
86,E:\DataSet\慧科\动物多分类\train\rabbits\rabbits086.jpg,0,0
87,E:\DataSet\慧科\动物多分类\train\rabbits\rabbits087.jpg,0,0
88,E:\DataSet\慧科\动物多分类\train\rabbits\rabbits088.jpg,0,0
89,E:\DataSet\慧科\动物多分类\train\rabbits\rabbits089.jpg,0,0
90,E:\DataSet\慧科\动物多分类\train\rabbits\rabbits090.jpg,0,0
91,E:\DataSet\慧科\动物多分类\train\rabbits\rabbits091.jpg,0,0
92,E:\DataSet\慧科\动物多分类\train\rabbits\rabbits092.jpg,0,0
93,E:\DataSet\慧科\动物多分类\train\rabbits\rabbits093.jpg,0,0
94,E:\DataSet\慧科\动物多分类\train\rabbits\rabbits094.jpg,0,0
95,E:\DataSet\慧科\动物多分类\train\rabbits\rabbits095.jpg,0,0
96,E:\DataSet\慧科\动物多分类\train\rabbits\rabbits096.jpg,0,0
97,E:\DataSet\慧科\动物多分类\train\rabbits\rabbits097.jpg,0,0
98,E:\DataSet\慧科\动物多分类\train\rabbits\rabbits098.jpg,0,0
99,E:\DataSet\慧科\动物多分类\train\rabbits\rabbits099.jpg,0,0
100,E:\DataSet\慧科\动物多分类\train\rabbits\rabbits100.jpg,0,0
101,E:\DataSet\慧科\动物多分类\train\rabbits\rabbits101.jpg,0,0
102,E:\DataSet\慧科\动物多分类\train\rabbits\rabbits102.jpg,0,0
103,E:\DataSet\慧科\动物多分类\train\rabbits\rabbits103.jpg,0,0
104,E:\DataSet\慧科\动物多分类\train\rabbits\rabbits104.jpg,0,0
105,E:\DataSet\慧科\动物多分类\train\rabbits\rabbits105.jpg,0,0
106,E:\DataSet\慧科\动物多分类\train\rabbits\rabbits106.jpg,0,0
107,E:\DataSet\慧科\动物多分类\train\rabbits\rabbits107.jpg,0,0
108,E:\DataSet\慧科\动物多分类\train\rabbits\rabbits108.jpg,0,0
109,E:\DataSet\慧科\动物多分类\train\rabbits\rabbits109.jpg,0,0
110,E:\DataSet\慧科\动物多分类\train\rabbits\rabbits110.jpg,0,0
111,E:\DataSet\慧科\动物多分类\train\rabbits\rabbits111.jpg,0,0
112,E:\DataSet\慧科\动物多分类\train\rabbits\rabbits112.jpg,0,0
113,E:\DataSet\慧科\动物多分类\train\rabbits\rabbits113.jpg,0,0
114,E:\DataSet\慧科\动物多分类\train\rabbits\rabbits114.jpg,0,0
115,E:\DataSet\慧科\动物多分类\train\rabbits\rabbits115.jpg,0,0
116,E:\DataSet\慧科\动物多分类\train\rabbits\rabbits116.jpg,0,0
117,E:\DataSet\慧科\动物多分类\train\rabbits\rabbits117.jpg,0,0
118,E:\DataSet\慧科\动物多分类\train\rabbits\rabbits118.jpg,0,0
119,E:\DataSet\慧科\动物多分类\train\rabbits\rabbits119.jpg,0,0
120,E:\DataSet\慧科\动物多分类\train\rabbits\rabbits120.jpg,0,0
121,E:\DataSet\慧科\动物多分类\train\rabbits\rabbits121.jpg,0,0
122,E:\DataSet\慧科\动物多分类\train\rabbits\rabbits122.jpg,0,0
123,E:\DataSet\慧科\动物多分类\train\rabbits\rabbits123.jpg,0,0
124,E:\DataSet\慧科\动物多分类\train\rabbits\rabbits124.jpg,0,0
125,E:\DataSet\慧科\动物多分类\train\rabbits\rabbits125.jpg,0,0
126,E:\DataSet\慧科\动物多分类\train\rabbits\rabbits126.jpg,0,0
127,E:\DataSet\慧科\动物多分类\train\rabbits\rabbits127.jpg,0,0
128,E:\DataSet\慧科\动物多分类\train\rabbits\rabbits128.jpg,0,0
129,E:\DataSet\慧科\动物多分类\train\rabbits\rabbits129.jpg,0,0
130,E:\DataSet\慧科\动物多分类\train\rabbits\rabbits130.jpg,0,0
131,E:\DataSet\慧科\动物多分类\train\rabbits\rabbits131.jpg,0,0
132,E:\DataSet\慧科\动物多分类\train\rabbits\rabbits132.jpg,0,0
133,E:\DataSet\慧科\动物多分类\train\rabbits\rabbits133.jpg,0,0
134,E:\DataSet\慧科\动物多分类\train\rabbits\rabbits134.jpg,0,0
135,E:\DataSet\慧科\动物多分类\train\rabbits\rabbits135.jpg,0,0
136,E:\DataSet\慧科\动物多分类\train\rabbits\rabbits136.jpg,0,0
137,E:\DataSet\慧科\动物多分类\train\rabbits\rabbits137.jpg,0,0
138,E:\DataSet\慧科\动物多分类\train\rabbits\rabbits138.jpg,0,0
139,E:\DataSet\慧科\动物多分类\train\rabbits\rabbits139.jpg,0,0
140,E:\DataSet\慧科\动物多分类\train\rabbits\rabbits140.jpg,0,0
141,E:\DataSet\慧科\动物多分类\train\rabbits\rabbits141.jpg,0,0
142,E:\DataSet\慧科\动物多分类\train\rabbits\rabbits142.jpg,0,0
143,E:\DataSet\慧科\动物多分类\train\rabbits\rabbits143.jpg,0,0
144,E:\DataSet\慧科\动物多分类\train\rabbits\rabbits144.jpg,0,0
145,E:\DataSet\慧科\动物多分类\train\rabbits\rabbits145.jpg,0,0
146,E:\DataSet\慧科\动物多分类\train\rabbits\rabbits146.jpg,0,0
147,E:\DataSet\慧科\动物多分类\train\rabbits\rabbits147.jpg,0,0
148,E:\DataSet\慧科\动物多分类\train\rabbits\rabbits148.jpg,0,0
149,E:\DataSet\慧科\动物多分类\train\rabbits\rabbits149.jpg,0,0
150,E:\DataSet\慧科\动物多分类\train\rabbits\rabbits150.jpg,0,0
151,E:\DataSet\慧科\动物多分类\train\rabbits\rabbits151.jpg,0,0
152,E:\DataSet\慧科\动物多分类\train\rabbits\rabbits152.jpg,0,0
153,E:\DataSet\慧科\动物多分类\train\rabbits\rabbits153.jpg,0,0
154,E:\DataSet\慧科\动物多分类\train\rabbits\rabbits154.jpg,0,0
155,E:\DataSet\慧科\动物多分类\train\rabbits\rabbits155.jpg,0,0
156,E:\DataSet\慧科\动物多分类\train\rabbits\rabbits156.jpg,0,0
157,E:\DataSet\慧科\动物多分类\train\rabbits\rabbits157.jpg,0,0
158,E:\DataSet\慧科\动物多分类\train\rabbits\rabbits158.jpg,0,0
159,E:\DataSet\慧科\动物多分类\train\rabbits\rabbits159.jpg,0,0
160,E:\DataSet\慧科\动物多分类\train\rabbits\rabbits160.jpg,0,0
161,E:\DataSet\慧科\动物多分类\train\rabbits\rabbits161.jpg,0,0
162,E:\DataSet\慧科\动物多分类\train\rabbits\rabbits162.jpg,0,0
163,E:\DataSet\慧科\动物多分类\train\rabbits\rabbits163.jpg,0,0
164,E:\DataSet\慧科\动物多分类\train\rabbits\rabbits164.jpg,0,0
165,E:\DataSet\慧科\动物多分类\train\rabbits\rabbits165.jpg,0,0
166,E:\DataSet\慧科\动物多分类\train\rabbits\rabbits166.jpg,0,0
167,E:\DataSet\慧科\动物多分类\train\rabbits\rabbits167.jpg,0,0
168,E:\DataSet\慧科\动物多分类\train\rabbits\rabbits168.jpg,0,0
169,E:\DataSet\慧科\动物多分类\train\rabbits\rabbits169.jpg,0,0
170,E:\DataSet\慧科\动物多分类\train\rabbits\rabbits170.jpg,0,0
171,E:\DataSet\慧科\动物多分类\train\rabbits\rabbits171.jpg,0,0
172,E:\DataSet\慧科\动物多分类\train\rabbits\rabbits172.jpg,0,0
173,E:\DataSet\慧科\动物多分类\train\rabbits\rabbits173.jpg,0,0
174,E:\DataSet\慧科\动物多分类\train\rabbits\rabbits174.jpg,0,0
175,E:\DataSet\慧科\动物多分类\train\rabbits\rabbits175.jpg,0,0
176,E:\DataSet\慧科\动物多分类\train\rabbits\rabbits176.jpg,0,0
177,E:\DataSet\慧科\动物多分类\train\rabbits\rabbits177.jpg,0,0
178,E:\DataSet\慧科\动物多分类\train\rabbits\rabbits178.jpg,0,0
179,E:\DataSet\慧科\动物多分类\train\rabbits\rabbits179.jpg,0,0
180,E:\DataSet\慧科\动物多分类\train\rabbits\rabbits180.jpg,0,0
181,E:\DataSet\慧科\动物多分类\train\rabbits\rabbits181.jpg,0,0
182,E:\DataSet\慧科\动物多分类\train\rabbits\rabbits182.jpg,0,0
183,E:\DataSet\慧科\动物多分类\train\rabbits\rabbits183.jpg,0,0
184,E:\DataSet\慧科\动物多分类\train\rabbits\rabbits184.jpg,0,0
185,E:\DataSet\慧科\动物多分类\train\rabbits\rabbits185.jpg,0,0
186,E:\DataSet\慧科\动物多分类\train\rabbits\rabbits186.jpg,0,0
187,E:\DataSet\慧科\动物多分类\train\rabbits\rabbits187.jpg,0,0
188,E:\DataSet\慧科\动物多分类\train\rabbits\rabbits188.jpg,0,0
189,E:\DataSet\慧科\动物多分类\train\rabbits\rabbits189.jpg,0,0
190,E:\DataSet\慧科\动物多分类\train\rabbits\rabbits190.jpg,0,0
191,E:\DataSet\慧科\动物多分类\train\rabbits\rabbits191.jpg,0,0
192,E:\DataSet\慧科\动物多分类\train\rabbits\rabbits192.jpg,0,0
193,E:\DataSet\慧科\动物多分类\train\rabbits\rabbits193.jpg,0,0
194,E:\DataSet\慧科\动物多分类\train\rabbits\rabbits194.jpg,0,0
195,E:\DataSet\慧科\动物多分类\train\rabbits\rabbits195.jpg,0,0
196,E:\DataSet\慧科\动物多分类\train\rabbits\rabbits196.jpg,0,0
197,E:\DataSet\慧科\动物多分类\train\rabbits\rabbits197.jpg,0,0
198,E:\DataSet\慧科\动物多分类\train\rabbits\rabbits198.jpg,0,0
199,E:\DataSet\慧科\动物多分类\train\rabbits\rabbits199.jpg,0,0
200,E:\DataSet\慧科\动物多分类\train\rabbits\rabbits200.jpg,0,0
201,E:\DataSet\慧科\动物多分类\train\rabbits\rabbits201.jpg,0,0
202,E:\DataSet\慧科\动物多分类\train\rabbits\rabbits202.jpg,0,0
203,E:\DataSet\慧科\动物多分类\train\rabbits\rabbits203.jpg,0,0
204,E:\DataSet\慧科\动物多分类\train\rabbits\rabbits204.jpg,0,0
205,E:\DataSet\慧科\动物多分类\train\rabbits\rabbits205.jpg,0,0
206,E:\DataSet\慧科\动物多分类\train\rabbits\rabbits206.jpg,0,0
207,E:\DataSet\慧科\动物多分类\train\rabbits\rabbits207.jpg,0,0
208,E:\DataSet\慧科\动物多分类\train\rabbits\rabbits208.jpg,0,0
209,E:\DataSet\慧科\动物多分类\train\rabbits\rabbits209.jpg,0,0
210,E:\DataSet\慧科\动物多分类\train\rabbits\rabbits210.jpg,0,0
211,E:\DataSet\慧科\动物多分类\train\rabbits\rabbits211.jpg,0,0
212,E:\DataSet\慧科\动物多分类\train\rabbits\rabbits212.jpg,0,0
213,E:\DataSet\慧科\动物多分类\train\rabbits\rabbits213.jpg,0,0
214,E:\DataSet\慧科\动物多分类\train\rabbits\rabbits214.jpg,0,0
215,E:\DataSet\慧科\动物多分类\train\rabbits\rabbits215.jpg,0,0
216,E:\DataSet\慧科\动物多分类\train\rabbits\rabbits216.jpg,0,0
217,E:\DataSet\慧科\动物多分类\train\rabbits\rabbits217.jpg,0,0
218,E:\DataSet\慧科\动物多分类\train\rabbits\rabbits218.jpg,0,0
219,E:\DataSet\慧科\动物多分类\train\rabbits\rabbits219.jpg,0,0
220,E:\DataSet\慧科\动物多分类\train\rabbits\rabbits220.jpg,0,0
221,E:\DataSet\慧科\动物多分类\train\rabbits\rabbits221.jpg,0,0
222,E:\DataSet\慧科\动物多分类\train\rabbits\rabbits222.jpg,0,0
223,E:\DataSet\慧科\动物多分类\train\rabbits\rabbits223.jpg,0,0
224,E:\DataSet\慧科\动物多分类\train\rabbits\rabbits224.jpg,0,0
225,E:\DataSet\慧科\动物多分类\train\rabbits\rabbits225.jpg,0,0
226,E:\DataSet\慧科\动物多分类\train\rabbits\rabbits226.jpg,0,0
227,E:\DataSet\慧科\动物多分类\train\rabbits\rabbits227.jpg,0,0
228,E:\DataSet\慧科\动物多分类\train\rabbits\rabbits228.jpg,0,0
229,E:\DataSet\慧科\动物多分类\train\rabbits\rabbits229.jpg,0,0
230,E:\DataSet\慧科\动物多分类\train\rabbits\rabbits230.jpg,0,0
231,E:\DataSet\慧科\动物多分类\train\rabbits\rabbits231.jpg,0,0
232,E:\DataSet\慧科\动物多分类\train\rabbits\rabbits232.jpg,0,0
233,E:\DataSet\慧科\动物多分类\train\rabbits\rabbits233.jpg,0,0
234,E:\DataSet\慧科\动物多分类\train\rabbits\rabbits234.jpg,0,0
235,E:\DataSet\慧科\动物多分类\train\rabbits\rabbits235.jpg,0,0
236,E:\DataSet\慧科\动物多分类\train\rabbits\rabbits236.jpg,0,0
237,E:\DataSet\慧科\动物多分类\train\rabbits\rabbits237.jpg,0,0
238,E:\DataSet\慧科\动物多分类\train\rabbits\rabbits238.jpg,0,0
239,E:\DataSet\慧科\动物多分类\train\rabbits\rabbits239.jpg,0,0
240,E:\DataSet\慧科\动物多分类\train\rabbits\rabbits240.jpg,0,0
241,E:\DataSet\慧科\动物多分类\train\rabbits\rabbits241.jpg,0,0
242,E:\DataSet\慧科\动物多分类\train\rabbits\rabbits242.jpg,0,0
243,E:\DataSet\慧科\动物多分类\train\rabbits\rabbits243.jpg,0,0
244,E:\DataSet\慧科\动物多分类\train\rabbits\rabbits244.jpg,0,0
245,E:\DataSet\慧科\动物多分类\train\rabbits\rabbits245.jpg,0,0
246,E:\DataSet\慧科\动物多分类\train\rabbits\rabbits246.jpg,0,0
247,E:\DataSet\慧科\动物多分类\train\rabbits\rabbits247.jpg,0,0
248,E:\DataSet\慧科\动物多分类\train\rabbits\rabbits248.jpg,0,0
249,E:\DataSet\慧科\动物多分类\train\rabbits\rabbits249.jpg,0,0
250,E:\DataSet\慧科\动物多分类\train\rabbits\rabbits250.jpg,0,0
251,E:\DataSet\慧科\动物多分类\train\rabbits\rabbits251.jpg,0,0
252,E:\DataSet\慧科\动物多分类\train\rabbits\rabbits252.jpg,0,0
253,E:\DataSet\慧科\动物多分类\train\rabbits\rabbits253.jpg,0,0
254,E:\DataSet\慧科\动物多分类\train\rabbits\rabbits254.jpg,0,0
255,E:\DataSet\慧科\动物多分类\train\rabbits\rabbits255.jpg,0,0
256,E:\DataSet\慧科\动物多分类\train\rabbits\rabbits256.jpg,0,0
257,E:\DataSet\慧科\动物多分类\train\rabbits\rabbits257.jpg,0,0
258,E:\DataSet\慧科\动物多分类\train\rabbits\rabbits258.jpg,0,0
259,E:\DataSet\慧科\动物多分类\train\rabbits\rabbits259.jpg,0,0
260,E:\DataSet\慧科\动物多分类\train\rabbits\rabbits260.jpg,0,0
261,E:\DataSet\慧科\动物多分类\train\rabbits\rabbits261.jpg,0,0
262,E:\DataSet\慧科\动物多分类\train\rabbits\rabbits262.jpg,0,0
263,E:\DataSet\慧科\动物多分类\train\rabbits\rabbits263.jpg,0,0
264,E:\DataSet\慧科\动物多分类\train\rabbits\rabbits264.jpg,0,0
265,E:\DataSet\慧科\动物多分类\train\rabbits\rabbits265.jpg,0,0
266,E:\DataSet\慧科\动物多分类\train\rabbits\rabbits266.jpg,0,0
267,E:\DataSet\慧科\动物多分类\train\rabbits\rabbits267.jpg,0,0
268,E:\DataSet\慧科\动物多分类\train\rabbits\rabbits268.jpg,0,0
269,E:\DataSet\慧科\动物多分类\train\rabbits\rabbits269.jpg,0,0
270,E:\DataSet\慧科\动物多分类\train\rabbits\rabbits270.jpg,0,0
271,E:\DataSet\慧科\动物多分类\train\rabbits\rabbits271.jpg,0,0
272,E:\DataSet\慧科\动物多分类\train\rabbits\rabbits272.jpg,0,0
273,E:\DataSet\慧科\动物多分类\train\rabbits\rabbits273.jpg,0,0
274,E:\DataSet\慧科\动物多分类\train\rabbits\rabbits274.jpg,0,0
275,E:\DataSet\慧科\动物多分类\train\rabbits\rabbits275.jpg,0,0
276,E:\DataSet\慧科\动物多分类\train\rabbits\rabbits276.jpg,0,0
277,E:\DataSet\慧科\动物多分类\train\rabbits\rabbits277.jpg,0,0
278,E:\DataSet\慧科\动物多分类\train\rabbits\rabbits278.jpg,0,0
279,E:\DataSet\慧科\动物多分类\train\rabbits\rabbits279.jpg,0,0
280,E:\DataSet\慧科\动物多分类\train\rabbits\rabbits280.jpg,0,0
281,E:\DataSet\慧科\动物多分类\train\rabbits\rabbits281.jpg,0,0
282,E:\DataSet\慧科\动物多分类\train\rabbits\rabbits282.jpg,0,0
283,E:\DataSet\慧科\动物多分类\train\rabbits\rabbits283.jpg,0,0
284,E:\DataSet\慧科\动物多分类\train\rabbits\rabbits284.jpg,0,0
285,E:\DataSet\慧科\动物多分类\train\rabbits\rabbits285.jpg,0,0
286,E:\DataSet\慧科\动物多分类\train\rabbits\rabbits286.jpg,0,0
287,E:\DataSet\慧科\动物多分类\train\rabbits\rabbits287.jpg,0,0
288,E:\DataSet\慧科\动物多分类\train\rabbits\rabbits288.jpg,0,0
289,E:\DataSet\慧科\动物多分类\train\rabbits\rabbits289.jpg,0,0
290,E:\DataSet\慧科\动物多分类\train\rabbits\rabbits290.jpg,0,0
291,E:\DataSet\慧科\动物多分类\train\rabbits\rabbits291.jpg,0,0
292,E:\DataSet\慧科\动物多分类\train\rabbits\rabbits292.jpg,0,0
293,E:\DataSet\慧科\动物多分类\train\rabbits\rabbits293.jpg,0,0
294,E:\DataSet\慧科\动物多分类\train\rabbits\rabbits294.jpg,0,0
295,E:\DataSet\慧科\动物多分类\train\rabbits\rabbits295.jpg,0,0
296,E:\DataSet\慧科\动物多分类\train\rabbits\rabbits296.jpg,0,0
297,E:\DataSet\慧科\动物多分类\train\rabbits\rabbits297.jpg,0,0
298,E:\DataSet\慧科\动物多分类\train\rabbits\rabbits298.jpg,0,0
299,E:\DataSet\慧科\动物多分类\train\rabbits\rabbits299.jpg,0,0
300,E:\DataSet\慧科\动物多分类\train\rabbits\rabbits300.jpg,0,0
301,E:\DataSet\慧科\动物多分类\train\rabbits\rabbits301.jpg,0,0
302,E:\DataSet\慧科\动物多分类\train\rabbits\rabbits302.jpg,0,0
303,E:\DataSet\慧科\动物多分类\train\rabbits\rabbits303.jpg,0,0
304,E:\DataSet\慧科\动物多分类\train\rabbits\rabbits304.jpg,0,0
305,E:\DataSet\慧科\动物多分类\train\rabbits\rabbits305.jpg,0,0
306,E:\DataSet\慧科\动物多分类\train\rabbits\rabbits306.jpg,0,0
307,E:\DataSet\慧科\动物多分类\train\rabbits\rabbits307.jpg,0,0
308,E:\DataSet\慧科\动物多分类\train\rabbits\rabbits308.jpg,0,0
309,E:\DataSet\慧科\动物多分类\train\rabbits\rabbits309.jpg,0,0
310,E:\DataSet\慧科\动物多分类\train\rats\rats000.jpg,0,1
311,E:\DataSet\慧科\动物多分类\train\rats\rats001.jpg,0,1
312,E:\DataSet\慧科\动物多分类\train\rats\rats002.jpg,0,1
313,E:\DataSet\慧科\动物多分类\train\rats\rats003.jpg,0,1
314,E:\DataSet\慧科\动物多分类\train\rats\rats004.jpg,0,1
315,E:\DataSet\慧科\动物多分类\train\rats\rats005.jpg,0,1
316,E:\DataSet\慧科\动物多分类\train\rats\rats006.jpg,0,1
317,E:\DataSet\慧科\动物多分类\train\rats\rats007.jpg,0,1
318,E:\DataSet\慧科\动物多分类\train\rats\rats008.jpg,0,1
319,E:\DataSet\慧科\动物多分类\train\rats\rats009.jpg,0,1
320,E:\DataSet\慧科\动物多分类\train\rats\rats010.jpg,0,1
321,E:\DataSet\慧科\动物多分类\train\rats\rats011.jpg,0,1
322,E:\DataSet\慧科\动物多分类\train\rats\rats012.jpg,0,1
323,E:\DataSet\慧科\动物多分类\train\rats\rats013.jpg,0,1
324,E:\DataSet\慧科\动物多分类\train\rats\rats014.jpg,0,1
325,E:\DataSet\慧科\动物多分类\train\rats\rats015.jpg,0,1
326,E:\DataSet\慧科\动物多分类\train\rats\rats016.jpg,0,1
327,E:\DataSet\慧科\动物多分类\train\rats\rats017.jpg,0,1
328,E:\DataSet\慧科\动物多分类\train\rats\rats018.jpg,0,1
329,E:\DataSet\慧科\动物多分类\train\rats\rats019.jpg,0,1
330,E:\DataSet\慧科\动物多分类\train\rats\rats020.jpg,0,1
331,E:\DataSet\慧科\动物多分类\train\rats\rats021.jpg,0,1
332,E:\DataSet\慧科\动物多分类\train\rats\rats022.jpg,0,1
333,E:\DataSet\慧科\动物多分类\train\rats\rats023.jpg,0,1
334,E:\DataSet\慧科\动物多分类\train\rats\rats024.jpg,0,1
335,E:\DataSet\慧科\动物多分类\train\rats\rats025.jpg,0,1
336,E:\DataSet\慧科\动物多分类\train\rats\rats026.jpg,0,1
337,E:\DataSet\慧科\动物多分类\train\rats\rats027.jpg,0,1
338,E:\DataSet\慧科\动物多分类\train\rats\rats028.jpg,0,1
339,E:\DataSet\慧科\动物多分类\train\rats\rats029.jpg,0,1
340,E:\DataSet\慧科\动物多分类\train\rats\rats030.jpg,0,1
341,E:\DataSet\慧科\动物多分类\train\rats\rats031.jpg,0,1
342,E:\DataSet\慧科\动物多分类\train\rats\rats032.jpg,0,1
343,E:\DataSet\慧科\动物多分类\train\rats\rats033.jpg,0,1
344,E:\DataSet\慧科\动物多分类\train\rats\rats034.jpg,0,1
345,E:\DataSet\慧科\动物多分类\train\rats\rats035.jpg,0,1
346,E:\DataSet\慧科\动物多分类\train\rats\rats036.jpg,0,1
347,E:\DataSet\慧科\动物多分类\train\rats\rats037.jpg,0,1
348,E:\DataSet\慧科\动物多分类\train\rats\rats038.jpg,0,1
349,E:\DataSet\慧科\动物多分类\train\rats\rats039.jpg,0,1
350,E:\DataSet\慧科\动物多分类\train\rats\rats040.jpg,0,1
351,E:\DataSet\慧科\动物多分类\train\rats\rats041.jpg,0,1
352,E:\DataSet\慧科\动物多分类\train\rats\rats042.jpg,0,1
353,E:\DataSet\慧科\动物多分类\train\rats\rats043.jpg,0,1
354,E:\DataSet\慧科\动物多分类\train\rats\rats044.jpg,0,1
355,E:\DataSet\慧科\动物多分类\train\rats\rats045.jpg,0,1
356,E:\DataSet\慧科\动物多分类\train\rats\rats046.jpg,0,1
357,E:\DataSet\慧科\动物多分类\train\rats\rats047.jpg,0,1
358,E:\DataSet\慧科\动物多分类\train\rats\rats048.jpg,0,1
359,E:\DataSet\慧科\动物多分类\train\rats\rats049.jpg,0,1
360,E:\DataSet\慧科\动物多分类\train\rats\rats050.jpg,0,1
361,E:\DataSet\慧科\动物多分类\train\rats\rats051.jpg,0,1
362,E:\DataSet\慧科\动物多分类\train\rats\rats052.jpg,0,1
363,E:\DataSet\慧科\动物多分类\train\rats\rats053.jpg,0,1
364,E:\DataSet\慧科\动物多分类\train\rats\rats054.jpg,0,1
365,E:\DataSet\慧科\动物多分类\train\rats\rats055.jpg,0,1
366,E:\DataSet\慧科\动物多分类\train\rats\rats056.jpg,0,1
367,E:\DataSet\慧科\动物多分类\train\rats\rats057.jpg,0,1
368,E:\DataSet\慧科\动物多分类\train\rats\rats058.jpg,0,1
369,E:\DataSet\慧科\动物多分类\train\rats\rats059.jpg,0,1
370,E:\DataSet\慧科\动物多分类\train\rats\rats060.jpg,0,1
371,E:\DataSet\慧科\动物多分类\train\rats\rats061.jpg,0,1
372,E:\DataSet\慧科\动物多分类\train\rats\rats062.jpg,0,1
373,E:\DataSet\慧科\动物多分类\train\rats\rats063.jpg,0,1
374,E:\DataSet\慧科\动物多分类\train\rats\rats064.jpg,0,1
375,E:\DataSet\慧科\动物多分类\train\rats\rats065.jpg,0,1
376,E:\DataSet\慧科\动物多分类\train\rats\rats066.jpg,0,1
377,E:\DataSet\慧科\动物多分类\train\rats\rats067.jpg,0,1
378,E:\DataSet\慧科\动物多分类\train\rats\rats068.jpg,0,1
379,E:\DataSet\慧科\动物多分类\train\rats\rats069.jpg,0,1
380,E:\DataSet\慧科\动物多分类\train\rats\rats070.jpg,0,1
381,E:\DataSet\慧科\动物多分类\train\rats\rats071.jpg,0,1
382,E:\DataSet\慧科\动物多分类\train\rats\rats072.jpg,0,1
383,E:\DataSet\慧科\动物多分类\train\rats\rats073.jpg,0,1
384,E:\DataSet\慧科\动物多分类\train\rats\rats074.jpg,0,1
385,E:\DataSet\慧科\动物多分类\train\rats\rats075.jpg,0,1
386,E:\DataSet\慧科\动物多分类\train\rats\rats076.jpg,0,1
387,E:\DataSet\慧科\动物多分类\train\rats\rats077.jpg,0,1
388,E:\DataSet\慧科\动物多分类\train\rats\rats078.jpg,0,1
389,E:\DataSet\慧科\动物多分类\train\rats\rats079.jpg,0,1
390,E:\DataSet\慧科\动物多分类\train\rats\rats080.jpg,0,1
391,E:\DataSet\慧科\动物多分类\train\rats\rats081.jpg,0,1
392,E:\DataSet\慧科\动物多分类\train\rats\rats082.jpg,0,1
393,E:\DataSet\慧科\动物多分类\train\rats\rats083.jpg,0,1
394,E:\DataSet\慧科\动物多分类\train\rats\rats084.jpg,0,1
395,E:\DataSet\慧科\动物多分类\train\rats\rats085.jpg,0,1
396,E:\DataSet\慧科\动物多分类\train\rats\rats086.jpg,0,1
397,E:\DataSet\慧科\动物多分类\train\rats\rats087.jpg,0,1
398,E:\DataSet\慧科\动物多分类\train\rats\rats088.jpg,0,1
399,E:\DataSet\慧科\动物多分类\train\rats\rats089.jpg,0,1
400,E:\DataSet\慧科\动物多分类\train\rats\rats090.jpg,0,1
401,E:\DataSet\慧科\动物多分类\train\rats\rats091.jpg,0,1
402,E:\DataSet\慧科\动物多分类\train\rats\rats092.jpg,0,1
403,E:\DataSet\慧科\动物多分类\train\rats\rats093.jpg,0,1
404,E:\DataSet\慧科\动物多分类\train\rats\rats094.jpg,0,1
405,E:\DataSet\慧科\动物多分类\train\rats\rats095.jpg,0,1
406,E:\DataSet\慧科\动物多分类\train\rats\rats096.jpg,0,1
407,E:\DataSet\慧科\动物多分类\train\rats\rats097.jpg,0,1
408,E:\DataSet\慧科\动物多分类\train\rats\rats098.jpg,0,1
409,E:\DataSet\慧科\动物多分类\train\rats\rats099.jpg,0,1
410,E:\DataSet\慧科\动物多分类\train\rats\rats100.jpg,0,1
411,E:\DataSet\慧科\动物多分类\train\rats\rats101.jpg,0,1
412,E:\DataSet\慧科\动物多分类\train\rats\rats102.jpg,0,1
413,E:\DataSet\慧科\动物多分类\train\rats\rats103.jpg,0,1
414,E:\DataSet\慧科\动物多分类\train\rats\rats104.jpg,0,1
415,E:\DataSet\慧科\动物多分类\train\rats\rats105.jpg,0,1
416,E:\DataSet\慧科\动物多分类\train\rats\rats106.jpg,0,1
417,E:\DataSet\慧科\动物多分类\train\rats\rats107.jpg,0,1
418,E:\DataSet\慧科\动物多分类\train\rats\rats108.jpg,0,1
419,E:\DataSet\慧科\动物多分类\train\rats\rats109.jpg,0,1
420,E:\DataSet\慧科\动物多分类\train\rats\rats110.jpg,0,1
421,E:\DataSet\慧科\动物多分类\train\rats\rats111.jpg,0,1
422,E:\DataSet\慧科\动物多分类\train\rats\rats112.jpg,0,1
423,E:\DataSet\慧科\动物多分类\train\rats\rats113.jpg,0,1
424,E:\DataSet\慧科\动物多分类\train\rats\rats114.jpg,0,1
425,E:\DataSet\慧科\动物多分类\train\rats\rats115.jpg,0,1
426,E:\DataSet\慧科\动物多分类\train\rats\rats116.jpg,0,1
427,E:\DataSet\慧科\动物多分类\train\rats\rats117.jpg,0,1
428,E:\DataSet\慧科\动物多分类\train\rats\rats118.jpg,0,1
429,E:\DataSet\慧科\动物多分类\train\rats\rats119.jpg,0,1
430,E:\DataSet\慧科\动物多分类\train\rats\rats120.jpg,0,1
431,E:\DataSet\慧科\动物多分类\train\rats\rats121.jpg,0,1
432,E:\DataSet\慧科\动物多分类\train\rats\rats122.jpg,0,1
433,E:\DataSet\慧科\动物多分类\train\rats\rats123.jpg,0,1
434,E:\DataSet\慧科\动物多分类\train\rats\rats124.jpg,0,1
435,E:\DataSet\慧科\动物多分类\train\rats\rats125.jpg,0,1
436,E:\DataSet\慧科\动物多分类\train\rats\rats126.jpg,0,1
437,E:\DataSet\慧科\动物多分类\train\rats\rats127.jpg,0,1
438,E:\DataSet\慧科\动物多分类\train\rats\rats128.jpg,0,1
439,E:\DataSet\慧科\动物多分类\train\rats\rats129.jpg,0,1
440,E:\DataSet\慧科\动物多分类\train\rats\rats130.jpg,0,1
441,E:\DataSet\慧科\动物多分类\train\rats\rats131.jpg,0,1
442,E:\DataSet\慧科\动物多分类\train\rats\rats132.jpg,0,1
443,E:\DataSet\慧科\动物多分类\train\rats\rats133.jpg,0,1
444,E:\DataSet\慧科\动物多分类\train\rats\rats134.jpg,0,1
445,E:\DataSet\慧科\动物多分类\train\rats\rats135.jpg,0,1
446,E:\DataSet\慧科\动物多分类\train\rats\rats136.jpg,0,1
447,E:\DataSet\慧科\动物多分类\train\rats\rats137.jpg,0,1
448,E:\DataSet\慧科\动物多分类\train\rats\rats138.jpg,0,1
449,E:\DataSet\慧科\动物多分类\train\rats\rats139.jpg,0,1
450,E:\DataSet\慧科\动物多分类\train\rats\rats140.jpg,0,1
451,E:\DataSet\慧科\动物多分类\train\rats\rats141.jpg,0,1
452,E:\DataSet\慧科\动物多分类\train\rats\rats142.jpg,0,1
453,E:\DataSet\慧科\动物多分类\train\rats\rats143.jpg,0,1
454,E:\DataSet\慧科\动物多分类\train\rats\rats144.jpg,0,1
455,E:\DataSet\慧科\动物多分类\train\rats\rats145.jpg,0,1
456,E:\DataSet\慧科\动物多分类\train\rats\rats146.jpg,0,1
457,E:\DataSet\慧科\动物多分类\train\rats\rats147.jpg,0,1
458,E:\DataSet\慧科\动物多分类\train\rats\rats148.jpg,0,1
459,E:\DataSet\慧科\动物多分类\train\rats\rats149.jpg,0,1
460,E:\DataSet\慧科\动物多分类\train\rats\rats150.jpg,0,1
461,E:\DataSet\慧科\动物多分类\train\rats\rats151.jpg,0,1
462,E:\DataSet\慧科\动物多分类\train\rats\rats152.jpg,0,1
463,E:\DataSet\慧科\动物多分类\train\rats\rats153.jpg,0,1
464,E:\DataSet\慧科\动物多分类\train\rats\rats154.jpg,0,1
465,E:\DataSet\慧科\动物多分类\train\rats\rats155.jpg,0,1
466,E:\DataSet\慧科\动物多分类\train\rats\rats156.jpg,0,1
467,E:\DataSet\慧科\动物多分类\train\rats\rats157.jpg,0,1
468,E:\DataSet\慧科\动物多分类\train\rats\rats158.jpg,0,1
469,E:\DataSet\慧科\动物多分类\train\rats\rats159.jpg,0,1
470,E:\DataSet\慧科\动物多分类\train\rats\rats160.jpg,0,1
471,E:\DataSet\慧科\动物多分类\train\rats\rats161.jpg,0,1
472,E:\DataSet\慧科\动物多分类\train\rats\rats162.jpg,0,1
473,E:\DataSet\慧科\动物多分类\train\rats\rats163.jpg,0,1
474,E:\DataSet\慧科\动物多分类\train\rats\rats164.jpg,0,1
475,E:\DataSet\慧科\动物多分类\train\rats\rats165.jpg,0,1
476,E:\DataSet\慧科\动物多分类\train\rats\rats166.jpg,0,1
477,E:\DataSet\慧科\动物多分类\train\rats\rats167.jpg,0,1
478,E:\DataSet\慧科\动物多分类\train\rats\rats168.jpg,0,1
479,E:\DataSet\慧科\动物多分类\train\rats\rats169.jpg,0,1
480,E:\DataSet\慧科\动物多分类\train\rats\rats170.jpg,0,1
481,E:\DataSet\慧科\动物多分类\train\rats\rats171.jpg,0,1
482,E:\DataSet\慧科\动物多分类\train\rats\rats172.jpg,0,1
483,E:\DataSet\慧科\动物多分类\train\rats\rats173.jpg,0,1
484,E:\DataSet\慧科\动物多分类\train\rats\rats174.jpg,0,1
485,E:\DataSet\慧科\动物多分类\train\rats\rats175.jpg,0,1
486,E:\DataSet\慧科\动物多分类\train\rats\rats176.jpg,0,1
487,E:\DataSet\慧科\动物多分类\train\rats\rats177.jpg,0,1
488,E:\DataSet\慧科\动物多分类\train\rats\rats178.jpg,0,1
489,E:\DataSet\慧科\动物多分类\train\rats\rats179.jpg,0,1
490,E:\DataSet\慧科\动物多分类\train\rats\rats180.jpg,0,1
491,E:\DataSet\慧科\动物多分类\train\rats\rats181.jpg,0,1
492,E:\DataSet\慧科\动物多分类\train\rats\rats182.jpg,0,1
493,E:\DataSet\慧科\动物多分类\train\rats\rats183.jpg,0,1
494,E:\DataSet\慧科\动物多分类\train\rats\rats184.jpg,0,1
495,E:\DataSet\慧科\动物多分类\train\rats\rats185.jpg,0,1
496,E:\DataSet\慧科\动物多分类\train\rats\rats186.jpg,0,1
497,E:\DataSet\慧科\动物多分类\train\rats\rats187.jpg,0,1
498,E:\DataSet\慧科\动物多分类\train\rats\rats188.jpg,0,1
499,E:\DataSet\慧科\动物多分类\train\rats\rats189.jpg,0,1
500,E:\DataSet\慧科\动物多分类\train\rats\rats190.jpg,0,1
501,E:\DataSet\慧科\动物多分类\train\rats\rats191.jpg,0,1
502,E:\DataSet\慧科\动物多分类\train\rats\rats192.jpg,0,1
503,E:\DataSet\慧科\动物多分类\train\rats\rats193.jpg,0,1
504,E:\DataSet\慧科\动物多分类\train\rats\rats194.jpg,0,1
505,E:\DataSet\慧科\动物多分类\train\rats\rats195.jpg,0,1
506,E:\DataSet\慧科\动物多分类\train\rats\rats196.jpg,0,1
507,E:\DataSet\慧科\动物多分类\train\rats\rats197.jpg,0,1
508,E:\DataSet\慧科\动物多分类\train\rats\rats198.jpg,0,1
509,E:\DataSet\慧科\动物多分类\train\rats\rats199.jpg,0,1
510,E:\DataSet\慧科\动物多分类\train\rats\rats200.jpg,0,1
511,E:\DataSet\慧科\动物多分类\train\rats\rats201.jpg,0,1
512,E:\DataSet\慧科\动物多分类\train\rats\rats202.jpg,0,1
513,E:\DataSet\慧科\动物多分类\train\rats\rats203.jpg,0,1
514,E:\DataSet\慧科\动物多分类\train\rats\rats204.jpg,0,1
515,E:\DataSet\慧科\动物多分类\train\rats\rats205.jpg,0,1
516,E:\DataSet\慧科\动物多分类\train\rats\rats206.jpg,0,1
517,E:\DataSet\慧科\动物多分类\train\rats\rats207.jpg,0,1
518,E:\DataSet\慧科\动物多分类\train\rats\rats208.jpg,0,1
519,E:\DataSet\慧科\动物多分类\train\rats\rats209.jpg,0,1
520,E:\DataSet\慧科\动物多分类\train\rats\rats210.jpg,0,1
521,E:\DataSet\慧科\动物多分类\train\rats\rats211.jpg,0,1
522,E:\DataSet\慧科\动物多分类\train\rats\rats212.jpg,0,1
523,E:\DataSet\慧科\动物多分类\train\rats\rats213.jpg,0,1
524,E:\DataSet\慧科\动物多分类\train\rats\rats214.jpg,0,1
525,E:\DataSet\慧科\动物多分类\train\rats\rats215.jpg,0,1
526,E:\DataSet\慧科\动物多分类\train\rats\rats216.jpg,0,1
527,E:\DataSet\慧科\动物多分类\train\rats\rats217.jpg,0,1
528,E:\DataSet\慧科\动物多分类\train\rats\rats218.jpg,0,1
529,E:\DataSet\慧科\动物多分类\train\rats\rats219.jpg,0,1
530,E:\DataSet\慧科\动物多分类\train\rats\rats220.jpg,0,1
531,E:\DataSet\慧科\动物多分类\train\rats\rats221.jpg,0,1
532,E:\DataSet\慧科\动物多分类\train\rats\rats222.jpg,0,1
533,E:\DataSet\慧科\动物多分类\train\rats\rats223.jpg,0,1
534,E:\DataSet\慧科\动物多分类\train\rats\rats224.jpg,0,1
535,E:\DataSet\慧科\动物多分类\train\rats\rats225.jpg,0,1
536,E:\DataSet\慧科\动物多分类\train\rats\rats226.jpg,0,1
537,E:\DataSet\慧科\动物多分类\train\rats\rats227.jpg,0,1
538,E:\DataSet\慧科\动物多分类\train\rats\rats228.jpg,0,1
539,E:\DataSet\慧科\动物多分类\train\rats\rats229.jpg,0,1
540,E:\DataSet\慧科\动物多分类\train\rats\rats230.jpg,0,1
541,E:\DataSet\慧科\动物多分类\train\rats\rats231.jpg,0,1
542,E:\DataSet\慧科\动物多分类\train\rats\rats232.jpg,0,1
543,E:\DataSet\慧科\动物多分类\train\rats\rats233.jpg,0,1
544,E:\DataSet\慧科\动物多分类\train\rats\rats234.jpg,0,1
545,E:\DataSet\慧科\动物多分类\train\rats\rats235.jpg,0,1
546,E:\DataSet\慧科\动物多分类\train\rats\rats236.jpg,0,1
547,E:\DataSet\慧科\动物多分类\train\rats\rats237.jpg,0,1
548,E:\DataSet\慧科\动物多分类\train\rats\rats238.jpg,0,1
549,E:\DataSet\慧科\动物多分类\train\rats\rats239.jpg,0,1
550,E:\DataSet\慧科\动物多分类\train\rats\rats240.jpg,0,1
551,E:\DataSet\慧科\动物多分类\train\rats\rats241.jpg,0,1
552,E:\DataSet\慧科\动物多分类\train\rats\rats242.jpg,0,1
553,E:\DataSet\慧科\动物多分类\train\rats\rats243.jpg,0,1
554,E:\DataSet\慧科\动物多分类\train\rats\rats244.jpg,0,1
555,E:\DataSet\慧科\动物多分类\train\rats\rats245.jpg,0,1
556,E:\DataSet\慧科\动物多分类\train\rats\rats246.jpg,0,1
557,E:\DataSet\慧科\动物多分类\train\rats\rats247.jpg,0,1
558,E:\DataSet\慧科\动物多分类\train\rats\rats248.jpg,0,1
559,E:\DataSet\慧科\动物多分类\train\rats\rats249.jpg,0,1
560,E:\DataSet\慧科\动物多分类\train\rats\rats250.jpg,0,1
561,E:\DataSet\慧科\动物多分类\train\rats\rats251.jpg,0,1
562,E:\DataSet\慧科\动物多分类\train\rats\rats252.jpg,0,1
563,E:\DataSet\慧科\动物多分类\train\rats\rats253.jpg,0,1
564,E:\DataSet\慧科\动物多分类\train\rats\rats254.jpg,0,1
565,E:\DataSet\慧科\动物多分类\train\rats\rats255.jpg,0,1
566,E:\DataSet\慧科\动物多分类\train\rats\rats256.jpg,0,1
567,E:\DataSet\慧科\动物多分类\train\rats\rats257.jpg,0,1
568,E:\DataSet\慧科\动物多分类\train\rats\rats258.jpg,0,1
569,E:\DataSet\慧科\动物多分类\train\rats\rats259.jpg,0,1
570,E:\DataSet\慧科\动物多分类\train\rats\rats260.jpg,0,1
571,E:\DataSet\慧科\动物多分类\train\rats\rats261.jpg,0,1
572,E:\DataSet\慧科\动物多分类\train\rats\rats262.jpg,0,1
573,E:\DataSet\慧科\动物多分类\train\rats\rats263.jpg,0,1
574,E:\DataSet\慧科\动物多分类\train\rats\rats264.jpg,0,1
575,E:\DataSet\慧科\动物多分类\train\rats\rats265.jpg,0,1
576,E:\DataSet\慧科\动物多分类\train\rats\rats266.jpg,0,1
577,E:\DataSet\慧科\动物多分类\train\rats\rats267.jpg,0,1
578,E:\DataSet\慧科\动物多分类\train\rats\rats268.jpg,0,1
579,E:\DataSet\慧科\动物多分类\train\rats\rats269.jpg,0,1
580,E:\DataSet\慧科\动物多分类\train\chickens\chickens000.jpg,1,2
581,E:\DataSet\慧科\动物多分类\train\chickens\chickens001.jpg,1,2
582,E:\DataSet\慧科\动物多分类\train\chickens\chickens002.jpg,1,2
583,E:\DataSet\慧科\动物多分类\train\chickens\chickens003.jpg,1,2
584,E:\DataSet\慧科\动物多分类\train\chickens\chickens004.jpg,1,2
585,E:\DataSet\慧科\动物多分类\train\chickens\chickens005.jpg,1,2
586,E:\DataSet\慧科\动物多分类\train\chickens\chickens006.jpg,1,2
587,E:\DataSet\慧科\动物多分类\train\chickens\chickens007.jpg,1,2
588,E:\DataSet\慧科\动物多分类\train\chickens\chickens008.jpg,1,2
589,E:\DataSet\慧科\动物多分类\train\chickens\chickens009.jpg,1,2
590,E:\DataSet\慧科\动物多分类\train\chickens\chickens010.jpg,1,2
591,E:\DataSet\慧科\动物多分类\train\chickens\chickens011.jpg,1,2
592,E:\DataSet\慧科\动物多分类\train\chickens\chickens012.jpg,1,2
593,E:\DataSet\慧科\动物多分类\train\chickens\chickens013.jpg,1,2
594,E:\DataSet\慧科\动物多分类\train\chickens\chickens014.jpg,1,2
595,E:\DataSet\慧科\动物多分类\train\chickens\chickens015.jpg,1,2
596,E:\DataSet\慧科\动物多分类\train\chickens\chickens016.jpg,1,2
597,E:\DataSet\慧科\动物多分类\train\chickens\chickens017.jpg,1,2
598,E:\DataSet\慧科\动物多分类\train\chickens\chickens018.jpg,1,2
599,E:\DataSet\慧科\动物多分类\train\chickens\chickens019.jpg,1,2
600,E:\DataSet\慧科\动物多分类\train\chickens\chickens020.jpg,1,2
601,E:\DataSet\慧科\动物多分类\train\chickens\chickens021.jpg,1,2
602,E:\DataSet\慧科\动物多分类\train\chickens\chickens022.jpg,1,2
603,E:\DataSet\慧科\动物多分类\train\chickens\chickens023.jpg,1,2
604,E:\DataSet\慧科\动物多分类\train\chickens\chickens024.jpg,1,2
605,E:\DataSet\慧科\动物多分类\train\chickens\chickens025.jpg,1,2
606,E:\DataSet\慧科\动物多分类\train\chickens\chickens026.jpg,1,2
607,E:\DataSet\慧科\动物多分类\train\chickens\chickens027.jpg,1,2
608,E:\DataSet\慧科\动物多分类\train\chickens\chickens028.jpg,1,2
609,E:\DataSet\慧科\动物多分类\train\chickens\chickens029.jpg,1,2
610,E:\DataSet\慧科\动物多分类\train\chickens\chickens030.jpg,1,2
611,E:\DataSet\慧科\动物多分类\train\chickens\chickens031.jpg,1,2
612,E:\DataSet\慧科\动物多分类\train\chickens\chickens032.jpg,1,2
613,E:\DataSet\慧科\动物多分类\train\chickens\chickens033.jpg,1,2
614,E:\DataSet\慧科\动物多分类\train\chickens\chickens034.jpg,1,2
615,E:\DataSet\慧科\动物多分类\train\chickens\chickens035.jpg,1,2
616,E:\DataSet\慧科\动物多分类\train\chickens\chickens036.jpg,1,2
617,E:\DataSet\慧科\动物多分类\train\chickens\chickens037.jpg,1,2
618,E:\DataSet\慧科\动物多分类\train\chickens\chickens038.jpg,1,2
619,E:\DataSet\慧科\动物多分类\train\chickens\chickens039.jpg,1,2
620,E:\DataSet\慧科\动物多分类\train\chickens\chickens040.jpg,1,2
621,E:\DataSet\慧科\动物多分类\train\chickens\chickens041.jpg,1,2
622,E:\DataSet\慧科\动物多分类\train\chickens\chickens042.jpg,1,2
623,E:\DataSet\慧科\动物多分类\train\chickens\chickens043.jpg,1,2
624,E:\DataSet\慧科\动物多分类\train\chickens\chickens044.jpg,1,2
625,E:\DataSet\慧科\动物多分类\train\chickens\chickens045.jpg,1,2
626,E:\DataSet\慧科\动物多分类\train\chickens\chickens046.jpg,1,2
627,E:\DataSet\慧科\动物多分类\train\chickens\chickens047.jpg,1,2
628,E:\DataSet\慧科\动物多分类\train\chickens\chickens048.jpg,1,2
629,E:\DataSet\慧科\动物多分类\train\chickens\chickens049.jpg,1,2
630,E:\DataSet\慧科\动物多分类\train\chickens\chickens050.jpg,1,2
631,E:\DataSet\慧科\动物多分类\train\chickens\chickens051.jpg,1,2
632,E:\DataSet\慧科\动物多分类\train\chickens\chickens052.jpg,1,2
633,E:\DataSet\慧科\动物多分类\train\chickens\chickens053.jpg,1,2
634,E:\DataSet\慧科\动物多分类\train\chickens\chickens054.jpg,1,2
635,E:\DataSet\慧科\动物多分类\train\chickens\chickens055.jpg,1,2
636,E:\DataSet\慧科\动物多分类\train\chickens\chickens056.jpg,1,2
637,E:\DataSet\慧科\动物多分类\train\chickens\chickens057.jpg,1,2
638,E:\DataSet\慧科\动物多分类\train\chickens\chickens058.jpg,1,2
639,E:\DataSet\慧科\动物多分类\train\chickens\chickens059.jpg,1,2
640,E:\DataSet\慧科\动物多分类\train\chickens\chickens060.jpg,1,2
641,E:\DataSet\慧科\动物多分类\train\chickens\chickens061.jpg,1,2
642,E:\DataSet\慧科\动物多分类\train\chickens\chickens062.jpg,1,2
643,E:\DataSet\慧科\动物多分类\train\chickens\chickens063.jpg,1,2
644,E:\DataSet\慧科\动物多分类\train\chickens\chickens064.jpg,1,2
645,E:\DataSet\慧科\动物多分类\train\chickens\chickens065.jpg,1,2
646,E:\DataSet\慧科\动物多分类\train\chickens\chickens066.jpg,1,2
647,E:\DataSet\慧科\动物多分类\train\chickens\chickens067.jpg,1,2
648,E:\DataSet\慧科\动物多分类\train\chickens\chickens068.jpg,1,2
649,E:\DataSet\慧科\动物多分类\train\chickens\chickens069.jpg,1,2
650,E:\DataSet\慧科\动物多分类\train\chickens\chickens070.jpg,1,2
651,E:\DataSet\慧科\动物多分类\train\chickens\chickens071.jpg,1,2
652,E:\DataSet\慧科\动物多分类\train\chickens\chickens072.jpg,1,2
653,E:\DataSet\慧科\动物多分类\train\chickens\chickens073.jpg,1,2
654,E:\DataSet\慧科\动物多分类\train\chickens\chickens074.jpg,1,2
655,E:\DataSet\慧科\动物多分类\train\chickens\chickens075.jpg,1,2
656,E:\DataSet\慧科\动物多分类\train\chickens\chickens076.jpg,1,2
657,E:\DataSet\慧科\动物多分类\train\chickens\chickens077.jpg,1,2
658,E:\DataSet\慧科\动物多分类\train\chickens\chickens078.jpg,1,2
659,E:\DataSet\慧科\动物多分类\train\chickens\chickens079.jpg,1,2
660,E:\DataSet\慧科\动物多分类\train\chickens\chickens080.jpg,1,2
661,E:\DataSet\慧科\动物多分类\train\chickens\chickens081.jpg,1,2
662,E:\DataSet\慧科\动物多分类\train\chickens\chickens082.jpg,1,2
663,E:\DataSet\慧科\动物多分类\train\chickens\chickens083.jpg,1,2
664,E:\DataSet\慧科\动物多分类\train\chickens\chickens084.jpg,1,2
665,E:\DataSet\慧科\动物多分类\train\chickens\chickens085.jpg,1,2
666,E:\DataSet\慧科\动物多分类\train\chickens\chickens086.jpg,1,2
667,E:\DataSet\慧科\动物多分类\train\chickens\chickens087.jpg,1,2
668,E:\DataSet\慧科\动物多分类\train\chickens\chickens088.jpg,1,2
669,E:\DataSet\慧科\动物多分类\train\chickens\chickens089.jpg,1,2
670,E:\DataSet\慧科\动物多分类\train\chickens\chickens090.jpg,1,2
671,E:\DataSet\慧科\动物多分类\train\chickens\chickens091.jpg,1,2
672,E:\DataSet\慧科\动物多分类\train\chickens\chickens092.jpg,1,2
673,E:\DataSet\慧科\动物多分类\train\chickens\chickens093.jpg,1,2
674,E:\DataSet\慧科\动物多分类\train\chickens\chickens094.jpg,1,2
675,E:\DataSet\慧科\动物多分类\train\chickens\chickens095.jpg,1,2
676,E:\DataSet\慧科\动物多分类\train\chickens\chickens096.jpg,1,2
677,E:\DataSet\慧科\动物多分类\train\chickens\chickens097.jpg,1,2
678,E:\DataSet\慧科\动物多分类\train\chickens\chickens098.jpg,1,2
679,E:\DataSet\慧科\动物多分类\train\chickens\chickens099.jpg,1,2
680,E:\DataSet\慧科\动物多分类\train\chickens\chickens100.jpg,1,2
681,E:\DataSet\慧科\动物多分类\train\chickens\chickens101.jpg,1,2
682,E:\DataSet\慧科\动物多分类\train\chickens\chickens102.jpg,1,2
683,E:\DataSet\慧科\动物多分类\train\chickens\chickens103.jpg,1,2
684,E:\DataSet\慧科\动物多分类\train\chickens\chickens104.jpg,1,2
685,E:\DataSet\慧科\动物多分类\train\chickens\chickens105.jpg,1,2
686,E:\DataSet\慧科\动物多分类\train\chickens\chickens106.jpg,1,2
687,E:\DataSet\慧科\动物多分类\train\chickens\chickens107.jpg,1,2
688,E:\DataSet\慧科\动物多分类\train\chickens\chickens108.jpg,1,2
689,E:\DataSet\慧科\动物多分类\train\chickens\chickens109.jpg,1,2
690,E:\DataSet\慧科\动物多分类\train\chickens\chickens110.jpg,1,2
691,E:\DataSet\慧科\动物多分类\train\chickens\chickens111.jpg,1,2
692,E:\DataSet\慧科\动物多分类\train\chickens\chickens112.jpg,1,2
693,E:\DataSet\慧科\动物多分类\train\chickens\chickens113.jpg,1,2
694,E:\DataSet\慧科\动物多分类\train\chickens\chickens114.jpg,1,2
695,E:\DataSet\慧科\动物多分类\train\chickens\chickens115.jpg,1,2
696,E:\DataSet\慧科\动物多分类\train\chickens\chickens116.jpg,1,2
697,E:\DataSet\慧科\动物多分类\train\chickens\chickens117.jpg,1,2
698,E:\DataSet\慧科\动物多分类\train\chickens\chickens118.jpg,1,2
699,E:\DataSet\慧科\动物多分类\train\chickens\chickens119.jpg,1,2
700,E:\DataSet\慧科\动物多分类\train\chickens\chickens120.jpg,1,2
701,E:\DataSet\慧科\动物多分类\train\chickens\chickens121.jpg,1,2
702,E:\DataSet\慧科\动物多分类\train\chickens\chickens122.jpg,1,2
703,E:\DataSet\慧科\动物多分类\train\chickens\chickens123.jpg,1,2
704,E:\DataSet\慧科\动物多分类\train\chickens\chickens124.jpg,1,2
705,E:\DataSet\慧科\动物多分类\train\chickens\chickens125.jpg,1,2
706,E:\DataSet\慧科\动物多分类\train\chickens\chickens126.jpg,1,2
707,E:\DataSet\慧科\动物多分类\train\chickens\chickens127.jpg,1,2
708,E:\DataSet\慧科\动物多分类\train\chickens\chickens128.jpg,1,2
709,E:\DataSet\慧科\动物多分类\train\chickens\chickens129.jpg,1,2
710,E:\DataSet\慧科\动物多分类\train\chickens\chickens130.jpg,1,2
711,E:\DataSet\慧科\动物多分类\train\chickens\chickens131.jpg,1,2
712,E:\DataSet\慧科\动物多分类\train\chickens\chickens132.jpg,1,2
713,E:\DataSet\慧科\动物多分类\train\chickens\chickens133.jpg,1,2
714,E:\DataSet\慧科\动物多分类\train\chickens\chickens134.jpg,1,2
715,E:\DataSet\慧科\动物多分类\train\chickens\chickens135.jpg,1,2
716,E:\DataSet\慧科\动物多分类\train\chickens\chickens136.jpg,1,2
717,E:\DataSet\慧科\动物多分类\train\chickens\chickens137.jpg,1,2
718,E:\DataSet\慧科\动物多分类\train\chickens\chickens138.jpg,1,2
719,E:\DataSet\慧科\动物多分类\train\chickens\chickens139.jpg,1,2
720,E:\DataSet\慧科\动物多分类\train\chickens\chickens140.jpg,1,2
721,E:\DataSet\慧科\动物多分类\train\chickens\chickens141.jpg,1,2
722,E:\DataSet\慧科\动物多分类\train\chickens\chickens142.jpg,1,2
723,E:\DataSet\慧科\动物多分类\train\chickens\chickens143.jpg,1,2
724,E:\DataSet\慧科\动物多分类\train\chickens\chickens144.jpg,1,2
725,E:\DataSet\慧科\动物多分类\train\chickens\chickens145.jpg,1,2
726,E:\DataSet\慧科\动物多分类\train\chickens\chickens146.jpg,1,2
727,E:\DataSet\慧科\动物多分类\train\chickens\chickens147.jpg,1,2
728,E:\DataSet\慧科\动物多分类\train\chickens\chickens148.jpg,1,2
729,E:\DataSet\慧科\动物多分类\train\chickens\chickens149.jpg,1,2
730,E:\DataSet\慧科\动物多分类\train\chickens\chickens150.jpg,1,2
731,E:\DataSet\慧科\动物多分类\train\chickens\chickens151.jpg,1,2
732,E:\DataSet\慧科\动物多分类\train\chickens\chickens152.jpg,1,2
733,E:\DataSet\慧科\动物多分类\train\chickens\chickens153.jpg,1,2
734,E:\DataSet\慧科\动物多分类\train\chickens\chickens154.jpg,1,2
735,E:\DataSet\慧科\动物多分类\train\chickens\chickens155.jpg,1,2
736,E:\DataSet\慧科\动物多分类\train\chickens\chickens156.jpg,1,2
737,E:\DataSet\慧科\动物多分类\train\chickens\chickens157.jpg,1,2
738,E:\DataSet\慧科\动物多分类\train\chickens\chickens158.jpg,1,2
739,E:\DataSet\慧科\动物多分类\train\chickens\chickens159.jpg,1,2
740,E:\DataSet\慧科\动物多分类\train\chickens\chickens160.jpg,1,2
741,E:\DataSet\慧科\动物多分类\train\chickens\chickens161.jpg,1,2
742,E:\DataSet\慧科\动物多分类\train\chickens\chickens162.jpg,1,2
743,E:\DataSet\慧科\动物多分类\train\chickens\chickens163.jpg,1,2
744,E:\DataSet\慧科\动物多分类\train\chickens\chickens164.jpg,1,2
745,E:\DataSet\慧科\动物多分类\train\chickens\chickens165.jpg,1,2
746,E:\DataSet\慧科\动物多分类\train\chickens\chickens166.jpg,1,2
747,E:\DataSet\慧科\动物多分类\train\chickens\chickens167.jpg,1,2
748,E:\DataSet\慧科\动物多分类\train\chickens\chickens168.jpg,1,2
749,E:\DataSet\慧科\动物多分类\train\chickens\chickens169.jpg,1,2
750,E:\DataSet\慧科\动物多分类\train\chickens\chickens170.jpg,1,2
751,E:\DataSet\慧科\动物多分类\train\chickens\chickens171.jpg,1,2
752,E:\DataSet\慧科\动物多分类\train\chickens\chickens172.jpg,1,2
753,E:\DataSet\慧科\动物多分类\train\chickens\chickens173.jpg,1,2
754,E:\DataSet\慧科\动物多分类\train\chickens\chickens174.jpg,1,2
755,E:\DataSet\慧科\动物多分类\train\chickens\chickens175.jpg,1,2
756,E:\DataSet\慧科\动物多分类\train\chickens\chickens176.jpg,1,2
757,E:\DataSet\慧科\动物多分类\train\chickens\chickens177.jpg,1,2
758,E:\DataSet\慧科\动物多分类\train\chickens\chickens178.jpg,1,2
759,E:\DataSet\慧科\动物多分类\train\chickens\chickens179.jpg,1,2
760,E:\DataSet\慧科\动物多分类\train\chickens\chickens180.jpg,1,2
761,E:\DataSet\慧科\动物多分类\train\chickens\chickens181.jpg,1,2
762,E:\DataSet\慧科\动物多分类\train\chickens\chickens182.jpg,1,2
763,E:\DataSet\慧科\动物多分类\train\chickens\chickens183.jpg,1,2
764,E:\DataSet\慧科\动物多分类\train\chickens\chickens184.jpg,1,2
765,E:\DataSet\慧科\动物多分类\train\chickens\chickens185.jpg,1,2
766,E:\DataSet\慧科\动物多分类\train\chickens\chickens186.jpg,1,2
767,E:\DataSet\慧科\动物多分类\train\chickens\chickens187.jpg,1,2
768,E:\DataSet\慧科\动物多分类\train\chickens\chickens188.jpg,1,2
769,E:\DataSet\慧科\动物多分类\train\chickens\chickens189.jpg,1,2
770,E:\DataSet\慧科\动物多分类\train\chickens\chickens190.jpg,1,2
771,E:\DataSet\慧科\动物多分类\train\chickens\chickens191.jpg,1,2
772,E:\DataSet\慧科\动物多分类\train\chickens\chickens192.jpg,1,2
773,E:\DataSet\慧科\动物多分类\train\chickens\chickens193.jpg,1,2
774,E:\DataSet\慧科\动物多分类\train\chickens\chickens194.jpg,1,2
775,E:\DataSet\慧科\动物多分类\train\chickens\chickens195.jpg,1,2
776,E:\DataSet\慧科\动物多分类\train\chickens\chickens196.jpg,1,2
777,E:\DataSet\慧科\动物多分类\train\chickens\chickens197.jpg,1,2
778,E:\DataSet\慧科\动物多分类\train\chickens\chickens198.jpg,1,2
779,E:\DataSet\慧科\动物多分类\train\chickens\chickens199.jpg,1,2
780,E:\DataSet\慧科\动物多分类\train\chickens\chickens200.jpg,1,2
781,E:\DataSet\慧科\动物多分类\train\chickens\chickens201.jpg,1,2
782,E:\DataSet\慧科\动物多分类\train\chickens\chickens202.jpg,1,2
783,E:\DataSet\慧科\动物多分类\train\chickens\chickens203.jpg,1,2
784,E:\DataSet\慧科\动物多分类\train\chickens\chickens204.jpg,1,2
785,E:\DataSet\慧科\动物多分类\train\chickens\chickens205.jpg,1,2
786,E:\DataSet\慧科\动物多分类\train\chickens\chickens206.jpg,1,2
787,E:\DataSet\慧科\动物多分类\train\chickens\chickens207.jpg,1,2
788,E:\DataSet\慧科\动物多分类\train\chickens\chickens208.jpg,1,2
789,E:\DataSet\慧科\动物多分类\train\chickens\chickens209.jpg,1,2
790,E:\DataSet\慧科\动物多分类\train\chickens\chickens210.jpg,1,2
791,E:\DataSet\慧科\动物多分类\train\chickens\chickens211.jpg,1,2
792,E:\DataSet\慧科\动物多分类\train\chickens\chickens212.jpg,1,2
793,E:\DataSet\慧科\动物多分类\train\chickens\chickens213.jpg,1,2
794,E:\DataSet\慧科\动物多分类\train\chickens\chickens214.jpg,1,2
795,E:\DataSet\慧科\动物多分类\train\chickens\chickens215.jpg,1,2
796,E:\DataSet\慧科\动物多分类\train\chickens\chickens216.jpg,1,2
797,E:\DataSet\慧科\动物多分类\train\chickens\chickens217.jpg,1,2
798,E:\DataSet\慧科\动物多分类\train\chickens\chickens218.jpg,1,2
799,E:\DataSet\慧科\动物多分类\train\chickens\chickens219.jpg,1,2
800,E:\DataSet\慧科\动物多分类\train\chickens\chickens220.jpg,1,2
801,E:\DataSet\慧科\动物多分类\train\chickens\chickens221.jpg,1,2
802,E:\DataSet\慧科\动物多分类\train\chickens\chickens222.jpg,1,2
803,E:\DataSet\慧科\动物多分类\train\chickens\chickens223.jpg,1,2
804,E:\DataSet\慧科\动物多分类\train\chickens\chickens224.jpg,1,2
805,E:\DataSet\慧科\动物多分类\train\chickens\chickens225.jpg,1,2
806,E:\DataSet\慧科\动物多分类\train\chickens\chickens226.jpg,1,2
807,E:\DataSet\慧科\动物多分类\train\chickens\chickens227.jpg,1,2
808,E:\DataSet\慧科\动物多分类\train\chickens\chickens228.jpg,1,2
809,E:\DataSet\慧科\动物多分类\train\chickens\chickens229.jpg,1,2
810,E:\DataSet\慧科\动物多分类\train\chickens\chickens230.jpg,1,2
811,E:\DataSet\慧科\动物多分类\train\chickens\chickens231.jpg,1,2
812,E:\DataSet\慧科\动物多分类\train\chickens\chickens232.jpg,1,2
813,E:\DataSet\慧科\动物多分类\train\chickens\chickens233.jpg,1,2
814,E:\DataSet\慧科\动物多分类\train\chickens\chickens234.jpg,1,2
815,E:\DataSet\慧科\动物多分类\train\chickens\chickens235.jpg,1,2
816,E:\DataSet\慧科\动物多分类\train\chickens\chickens236.jpg,1,2
817,E:\DataSet\慧科\动物多分类\train\chickens\chickens237.jpg,1,2
818,E:\DataSet\慧科\动物多分类\train\chickens\chickens238.jpg,1,2
819,E:\DataSet\慧科\动物多分类\train\chickens\chickens239.jpg,1,2
820,E:\DataSet\慧科\动物多分类\train\chickens\chickens240.jpg,1,2
821,E:\DataSet\慧科\动物多分类\train\chickens\chickens241.jpg,1,2
822,E:\DataSet\慧科\动物多分类\train\chickens\chickens242.jpg,1,2
823,E:\DataSet\慧科\动物多分类\train\chickens\chickens243.jpg,1,2
824,E:\DataSet\慧科\动物多分类\train\chickens\chickens244.jpg,1,2
825,E:\DataSet\慧科\动物多分类\train\chickens\chickens245.jpg,1,2
826,E:\DataSet\慧科\动物多分类\train\chickens\chickens246.jpg,1,2
827,E:\DataSet\慧科\动物多分类\train\chickens\chickens247.jpg,1,2
828,E:\DataSet\慧科\动物多分类\train\chickens\chickens248.jpg,1,2
829,E:\DataSet\慧科\动物多分类\train\chickens\chickens249.jpg,1,2
830,E:\DataSet\慧科\动物多分类\train\chickens\chickens250.jpg,1,2
831,E:\DataSet\慧科\动物多分类\train\chickens\chickens251.jpg,1,2
832,E:\DataSet\慧科\动物多分类\train\chickens\chickens252.jpg,1,2
833,E:\DataSet\慧科\动物多分类\train\chickens\chickens253.jpg,1,2
834,E:\DataSet\慧科\动物多分类\train\chickens\chickens254.jpg,1,2
835,E:\DataSet\慧科\动物多分类\train\chickens\chickens255.jpg,1,2
836,E:\DataSet\慧科\动物多分类\train\chickens\chickens256.jpg,1,2
837,E:\DataSet\慧科\动物多分类\train\chickens\chickens257.jpg,1,2
838,E:\DataSet\慧科\动物多分类\train\chickens\chickens258.jpg,1,2
839,E:\DataSet\慧科\动物多分类\train\chickens\chickens259.jpg,1,2
840,E:\DataSet\慧科\动物多分类\train\chickens\chickens260.jpg,1,2
841,E:\DataSet\慧科\动物多分类\train\chickens\chickens261.jpg,1,2
842,E:\DataSet\慧科\动物多分类\train\chickens\chickens262.jpg,1,2
843,E:\DataSet\慧科\动物多分类\train\chickens\chickens263.jpg,1,2
844,E:\DataSet\慧科\动物多分类\train\chickens\chickens264.jpg,1,2
845,E:\DataSet\慧科\动物多分类\train\chickens\chickens265.jpg,1,2
846,E:\DataSet\慧科\动物多分类\train\chickens\chickens266.jpg,1,2
847,E:\DataSet\慧科\动物多分类\train\chickens\chickens267.jpg,1,2
848,E:\DataSet\慧科\动物多分类\train\chickens\chickens268.jpg,1,2
849,E:\DataSet\慧科\动物多分类\train\chickens\chickens269.jpg,1,2
850,E:\DataSet\慧科\动物多分类\train\chickens\chickens270.jpg,1,2
851,E:\DataSet\慧科\动物多分类\train\chickens\chickens271.jpg,1,2
852,E:\DataSet\慧科\动物多分类\train\chickens\chickens272.jpg,1,2
853,E:\DataSet\慧科\动物多分类\train\chickens\chickens273.jpg,1,2
854,E:\DataSet\慧科\动物多分类\train\chickens\chickens274.jpg,1,2
855,E:\DataSet\慧科\动物多分类\train\chickens\chickens275.jpg,1,2
856,E:\DataSet\慧科\动物多分类\train\chickens\chickens276.jpg,1,2
857,E:\DataSet\慧科\动物多分类\train\chickens\chickens277.jpg,1,2
858,E:\DataSet\慧科\动物多分类\train\chickens\chickens278.jpg,1,2
859,E:\DataSet\慧科\动物多分类\train\chickens\chickens279.jpg,1,2
860,E:\DataSet\慧科\动物多分类\train\chickens\chickens280.jpg,1,2
861,E:\DataSet\慧科\动物多分类\train\chickens\chickens281.jpg,1,2
862,E:\DataSet\慧科\动物多分类\train\chickens\chickens282.jpg,1,2
863,E:\DataSet\慧科\动物多分类\train\chickens\chickens283.jpg,1,2
864,E:\DataSet\慧科\动物多分类\train\chickens\chickens284.jpg,1,2
865,E:\DataSet\慧科\动物多分类\train\chickens\chickens285.jpg,1,2
866,E:\DataSet\慧科\动物多分类\train\chickens\chickens286.jpg,1,2
867,E:\DataSet\慧科\动物多分类\train\chickens\chickens287.jpg,1,2
868,E:\DataSet\慧科\动物多分类\train\chickens\chickens288.jpg,1,2
869,E:\DataSet\慧科\动物多分类\train\chickens\chickens289.jpg,1,2
870,E:\DataSet\慧科\动物多分类\train\chickens\chickens290.jpg,1,2
871,E:\DataSet\慧科\动物多分类\train\chickens\chickens291.jpg,1,2
872,E:\DataSet\慧科\动物多分类\train\chickens\chickens292.jpg,1,2
873,E:\DataSet\慧科\动物多分类\train\chickens\chickens293.jpg,1,2
874,E:\DataSet\慧科\动物多分类\train\chickens\chickens294.jpg,1,2
875,E:\DataSet\慧科\动物多分类\train\chickens\chickens295.jpg,1,2
876,E:\DataSet\慧科\动物多分类\train\chickens\chickens296.jpg,1,2
877,E:\DataSet\慧科\动物多分类\train\chickens\chickens297.jpg,1,2
878,E:\DataSet\慧科\动物多分类\train\chickens\chickens298.jpg,1,2
879,E:\DataSet\慧科\动物多分类\train\chickens\chickens299.jpg,1,2
880,E:\DataSet\慧科\动物多分类\train\chickens\chickens300.jpg,1,2
881,E:\DataSet\慧科\动物多分类\train\chickens\chickens301.jpg,1,2
882,E:\DataSet\慧科\动物多分类\train\chickens\chickens302.jpg,1,2
883,E:\DataSet\慧科\动物多分类\train\chickens\chickens303.jpg,1,2
884,E:\DataSet\慧科\动物多分类\train\chickens\chickens304.jpg,1,2
885,E:\DataSet\慧科\动物多分类\train\chickens\chickens305.jpg,1,2
886,E:\DataSet\慧科\动物多分类\train\chickens\chickens306.jpg,1,2
887,E:\DataSet\慧科\动物多分类\train\chickens\chickens307.jpg,1,2
888,E:\DataSet\慧科\动物多分类\train\chickens\chickens308.jpg,1,2
889,E:\DataSet\慧科\动物多分类\train\chickens\chickens309.jpg,1,2
